[{"model": "home.homepage", "pk": 3, "fields": {"body": "<h2>Celia García Márquez</h2><h3>Bienvenido a la página de inicio.</h3><p></p><embed alt=\"avatar.jpg\" embedtype=\"image\" format=\"left\" id=\"1\"/><p></p>"}}, {"model": "blog.blogpage", "pk": 5, "fields": {"date": "2021-01-23", "intro": "Hello World", "body": "<p>Estas en el blog de Celia</p>"}}, {"model": "blog.blogpage", "pk": 6, "fields": {"date": "2021-01-23", "intro": "Primera entrada del blog", "body": "<p>Esta es la primera entrada del blog.</p><p>Este proyecto está implantado sobre Openstack.</p>"}}, {"model": "blog.blogpagegalleryimage", "pk": 2, "fields": {"sort_order": 0, "page": 6, "image": 3, "caption": ""}}, {"model": "wagtailusers.userprofile", "pk": 1, "fields": {"user": 1, "submitted_notifications": true, "approved_notifications": true, "rejected_notifications": true, "preferred_language": "", "current_time_zone": "", "avatar": ""}}, {"model": "wagtailimages.image", "pk": 1, "fields": {"collection": 1, "title": "avatar.jpg", "file": "original_images/avatar.jpg", "width": 1440, "height": 1440, "created_at": "2021-01-23T12:23:47.998Z", "uploaded_by_user": 1, "focal_point_x": null, "focal_point_y": null, "focal_point_width": null, "focal_point_height": null, "file_size": 195188, "file_hash": "f9c8cea329b7297f056ad95c4f8661453a8ea861"}}, {"model": "wagtailimages.image", "pk": 2, "fields": {"collection": 1, "title": "openstack.jpg", "file": "original_images/openstack.jpg", "width": 1200, "height": 200, "created_at": "2021-01-23T12:34:20.131Z", "uploaded_by_user": 1, "focal_point_x": null, "focal_point_y": null, "focal_point_width": null, "focal_point_height": null, "file_size": 39842, "file_hash": "79cde520030387d4b26ec1c575ebde0fcae6111f"}}, {"model": "wagtailimages.image", "pk": 3, "fields": {"collection": 1, "title": "openstack.jpg", "file": "original_images/openstack_P58UNT5.jpg", "width": 1200, "height": 200, "created_at": "2021-01-23T12:41:48.747Z", "uploaded_by_user": 1, "focal_point_x": null, "focal_point_y": null, "focal_point_width": null, "focal_point_height": null, "file_size": 39842, "file_hash": "79cde520030387d4b26ec1c575ebde0fcae6111f"}}, {"model": "wagtailimages.rendition", "pk": 1, "fields": {"filter_spec": "max-800x600", "file": "images/avatar.max-800x600.jpg", "width": 600, "height": 600, "focal_point_key": "", "image": 1}}, {"model": "wagtailimages.rendition", "pk": 2, "fields": {"filter_spec": "width-500", "file": "images/avatar.width-500.jpg", "width": 500, "height": 500, "focal_point_key": "", "image": 1}}, {"model": "wagtailimages.rendition", "pk": 3, "fields": {"filter_spec": "max-165x165", "file": "images/avatar.max-165x165.jpg", "width": 165, "height": 165, "focal_point_key": "", "image": 1}}, {"model": "wagtailimages.rendition", "pk": 4, "fields": {"filter_spec": "max-165x165", "file": "images/openstack.max-165x165.jpg", "width": 165, "height": 27, "focal_point_key": "", "image": 2}}, {"model": "wagtailimages.rendition", "pk": 5, "fields": {"filter_spec": "max-165x165", "file": "images/openstack_P58UNT5.max-165x165.jpg", "width": 165, "height": 27, "focal_point_key": "", "image": 3}}, {"model": "wagtailcore.site", "pk": 2, "fields": {"hostname": "localhost", "port": 80, "site_name": "", "root_page": 3, "is_default_site": true}}, {"model": "wagtailcore.locale", "pk": 1, "fields": {"language_code": "en"}}, {"model": "wagtailcore.page", "pk": 1, "fields": {"path": "0001", "depth": 1, "numchild": 1, "translation_key": "6fcd6013-013e-490f-acbf-23222a2687bd", "locale": 1, "title": "Root", "draft_title": "Root", "slug": "root", "content_type": 1, "live": true, "has_unpublished_changes": false, "url_path": "/", "owner": null, "seo_title": "", "show_in_menus": false, "search_description": "", "go_live_at": null, "expire_at": null, "expired": false, "locked": false, "locked_at": null, "locked_by": null, "first_published_at": null, "last_published_at": null, "latest_revision_created_at": null, "live_revision": null, "alias_of": null}}, {"model": "wagtailcore.page", "pk": 3, "fields": {"path": "00010001", "depth": 2, "numchild": 1, "translation_key": "f6c37be3-3b56-4f26-af25-896a2fce6c22", "locale": 1, "title": "Celia Garcia Marquez", "draft_title": "Celia Garcia Marquez", "slug": "home", "content_type": 2, "live": true, "has_unpublished_changes": false, "url_path": "/home/", "owner": null, "seo_title": "", "show_in_menus": false, "search_description": "", "go_live_at": null, "expire_at": null, "expired": false, "locked": false, "locked_at": null, "locked_by": null, "first_published_at": "2021-01-23T10:46:52.642Z", "last_published_at": "2021-01-23T12:24:03.651Z", "latest_revision_created_at": "2021-01-23T12:24:03.631Z", "live_revision": 10, "alias_of": null}}, {"model": "wagtailcore.page", "pk": 5, "fields": {"path": "000100010002", "depth": 3, "numchild": 1, "translation_key": "ac59ff06-9c4e-4db4-97ea-4d7a5c9f4485", "locale": 1, "title": "Blog", "draft_title": "Blog", "slug": "blog", "content_type": 39, "live": true, "has_unpublished_changes": false, "url_path": "/home/blog/", "owner": 1, "seo_title": "blog", "show_in_menus": true, "search_description": "", "go_live_at": null, "expire_at": null, "expired": false, "locked": false, "locked_at": null, "locked_by": null, "first_published_at": "2021-01-23T11:28:38.499Z", "last_published_at": "2021-01-23T11:36:45.491Z", "latest_revision_created_at": "2021-01-23T11:36:45.472Z", "live_revision": 9, "alias_of": null}}, {"model": "wagtailcore.page", "pk": 6, "fields": {"path": "0001000100020001", "depth": 4, "numchild": 0, "translation_key": "3fdc715d-d9b0-4c7d-bc69-bce910270ae6", "locale": 1, "title": "Openstack", "draft_title": "Openstack", "slug": "primera-entrada", "content_type": 39, "live": true, "has_unpublished_changes": false, "url_path": "/home/blog/primera-entrada/", "owner": 1, "seo_title": "", "show_in_menus": false, "search_description": "", "go_live_at": null, "expire_at": null, "expired": false, "locked": false, "locked_at": null, "locked_by": null, "first_published_at": "2021-01-23T11:33:10.416Z", "last_published_at": "2021-01-23T12:42:12.525Z", "latest_revision_created_at": "2021-01-23T12:42:12.488Z", "live_revision": 12, "alias_of": null}}, {"model": "wagtailcore.pagerevision", "pk": 1, "fields": {"page": 3, "submitted_for_moderation": false, "created_at": "2021-01-23T10:46:52.624Z", "user": 1, "content_json": "{\"pk\": 3, \"path\": \"00010001\", \"depth\": 2, \"numchild\": 0, \"translation_key\": \"f6c37be3-3b56-4f26-af25-896a2fce6c22\", \"locale\": 1, \"title\": \"Home\", \"draft_title\": \"Home\", \"slug\": \"home\", \"content_type\": 2, \"live\": true, \"has_unpublished_changes\": false, \"url_path\": \"/home/\", \"owner\": null, \"seo_title\": \"\", \"show_in_menus\": false, \"search_description\": \"\", \"go_live_at\": null, \"expire_at\": null, \"expired\": false, \"locked\": false, \"locked_at\": null, \"locked_by\": null, \"first_published_at\": null, \"last_published_at\": null, \"latest_revision_created_at\": null, \"live_revision\": null, \"alias_of\": null, \"body\": \"<p>HOla</p>\"}", "approved_go_live_at": null}}, {"model": "wagtailcore.pagerevision", "pk": 2, "fields": {"page": 3, "submitted_for_moderation": false, "created_at": "2021-01-23T10:49:28.917Z", "user": 1, "content_json": "{\"pk\": 3, \"path\": \"00010001\", \"depth\": 2, \"numchild\": 0, \"translation_key\": \"f6c37be3-3b56-4f26-af25-896a2fce6c22\", \"locale\": 1, \"title\": \"Celia\", \"draft_title\": \"Home\", \"slug\": \"home\", \"content_type\": 2, \"live\": true, \"has_unpublished_changes\": false, \"url_path\": \"/home/\", \"owner\": null, \"seo_title\": \"\", \"show_in_menus\": false, \"search_description\": \"\", \"go_live_at\": null, \"expire_at\": null, \"expired\": false, \"locked\": false, \"locked_at\": null, \"locked_by\": null, \"first_published_at\": \"2021-01-23T10:46:52.642Z\", \"last_published_at\": \"2021-01-23T10:46:52.642Z\", \"latest_revision_created_at\": \"2021-01-23T10:46:52.624Z\", \"live_revision\": 1, \"alias_of\": null, \"body\": \"<h2>Hola</h2>\"}", "approved_go_live_at": null}}, {"model": "wagtailcore.pagerevision", "pk": 3, "fields": {"page": 3, "submitted_for_moderation": false, "created_at": "2021-01-23T10:51:42.775Z", "user": 1, "content_json": "{\"pk\": 3, \"path\": \"00010001\", \"depth\": 2, \"numchild\": 0, \"translation_key\": \"f6c37be3-3b56-4f26-af25-896a2fce6c22\", \"locale\": 1, \"title\": \"Celia Garcia Marquez\", \"draft_title\": \"Celia\", \"slug\": \"home\", \"content_type\": 2, \"live\": true, \"has_unpublished_changes\": false, \"url_path\": \"/home/\", \"owner\": null, \"seo_title\": \"\", \"show_in_menus\": false, \"search_description\": \"\", \"go_live_at\": null, \"expire_at\": null, \"expired\": false, \"locked\": false, \"locked_at\": null, \"locked_by\": null, \"first_published_at\": \"2021-01-23T10:46:52.642Z\", \"last_published_at\": \"2021-01-23T10:49:28.965Z\", \"latest_revision_created_at\": \"2021-01-23T10:49:28.917Z\", \"live_revision\": 2, \"alias_of\": null, \"body\": \"<h2>Celia Garc\\u00eda M\\u00e1rquez</h2><h3>Bienvenido a la p\\u00e1gina de inicio.</h3>\"}", "approved_go_live_at": null}}, {"model": "wagtailcore.pagerevision", "pk": 5, "fields": {"page": 5, "submitted_for_moderation": false, "created_at": "2021-01-23T11:28:38.471Z", "user": 1, "content_json": "{\"pk\": 5, \"path\": \"000100010002\", \"depth\": 3, \"numchild\": 0, \"translation_key\": \"ac59ff06-9c4e-4db4-97ea-4d7a5c9f4485\", \"locale\": 1, \"title\": \"Blog\", \"draft_title\": \"Blog\", \"slug\": \"blogs\", \"content_type\": 39, \"live\": true, \"has_unpublished_changes\": false, \"url_path\": \"/home/blogs/\", \"owner\": 1, \"seo_title\": \"blog\", \"show_in_menus\": false, \"search_description\": \"\", \"go_live_at\": null, \"expire_at\": null, \"expired\": false, \"locked\": false, \"locked_at\": null, \"locked_by\": null, \"first_published_at\": null, \"last_published_at\": null, \"latest_revision_created_at\": null, \"live_revision\": null, \"alias_of\": null, \"date\": \"2021-01-23\", \"intro\": \"Hello World\", \"body\": \"<p>Estas en el blog de Celia</p>\"}", "approved_go_live_at": null}}, {"model": "wagtailcore.pagerevision", "pk": 6, "fields": {"page": 5, "submitted_for_moderation": false, "created_at": "2021-01-23T11:29:19.094Z", "user": 1, "content_json": "{\"pk\": 5, \"path\": \"000100010002\", \"depth\": 3, \"numchild\": 0, \"translation_key\": \"ac59ff06-9c4e-4db4-97ea-4d7a5c9f4485\", \"locale\": 1, \"title\": \"Blog\", \"draft_title\": \"Blog\", \"slug\": \"blog\", \"content_type\": 39, \"live\": true, \"has_unpublished_changes\": false, \"url_path\": \"/home/blogs/\", \"owner\": 1, \"seo_title\": \"blog\", \"show_in_menus\": false, \"search_description\": \"\", \"go_live_at\": null, \"expire_at\": null, \"expired\": false, \"locked\": false, \"locked_at\": null, \"locked_by\": null, \"first_published_at\": \"2021-01-23T11:28:38.499Z\", \"last_published_at\": \"2021-01-23T11:28:38.499Z\", \"latest_revision_created_at\": \"2021-01-23T11:28:38.471Z\", \"live_revision\": 5, \"alias_of\": null, \"date\": \"2021-01-23\", \"intro\": \"Hello World\", \"body\": \"<p>Estas en el blog de Celia</p>\"}", "approved_go_live_at": null}}, {"model": "wagtailcore.pagerevision", "pk": 7, "fields": {"page": 5, "submitted_for_moderation": false, "created_at": "2021-01-23T11:30:01.425Z", "user": 1, "content_json": "{\"pk\": 5, \"path\": \"000100010002\", \"depth\": 3, \"numchild\": 0, \"translation_key\": \"ac59ff06-9c4e-4db4-97ea-4d7a5c9f4485\", \"locale\": 1, \"title\": \"Blog\", \"draft_title\": \"Blog\", \"slug\": \"blog\", \"content_type\": 39, \"live\": true, \"has_unpublished_changes\": false, \"url_path\": \"/home/blog/\", \"owner\": 1, \"seo_title\": \"blog\", \"show_in_menus\": false, \"search_description\": \"\", \"go_live_at\": null, \"expire_at\": null, \"expired\": false, \"locked\": false, \"locked_at\": null, \"locked_by\": null, \"first_published_at\": \"2021-01-23T11:28:38.499Z\", \"last_published_at\": \"2021-01-23T11:29:19.111Z\", \"latest_revision_created_at\": \"2021-01-23T11:29:19.094Z\", \"live_revision\": 6, \"alias_of\": null, \"date\": \"2021-01-23\", \"intro\": \"Hello World\", \"body\": \"<p>Estas en el blog de Celia</p>\"}", "approved_go_live_at": null}}, {"model": "wagtailcore.pagerevision", "pk": 8, "fields": {"page": 6, "submitted_for_moderation": false, "created_at": "2021-01-23T11:33:10.399Z", "user": 1, "content_json": "{\"pk\": 6, \"path\": \"0001000100020001\", \"depth\": 4, \"numchild\": 0, \"translation_key\": \"3fdc715d-d9b0-4c7d-bc69-bce910270ae6\", \"locale\": 1, \"title\": \"Primera entrada\", \"draft_title\": \"Primera entrada\", \"slug\": \"primera-entrada\", \"content_type\": 39, \"live\": true, \"has_unpublished_changes\": false, \"url_path\": \"/home/blog/primera-entrada/\", \"owner\": 1, \"seo_title\": \"\", \"show_in_menus\": false, \"search_description\": \"\", \"go_live_at\": null, \"expire_at\": null, \"expired\": false, \"locked\": false, \"locked_at\": null, \"locked_by\": null, \"first_published_at\": null, \"last_published_at\": null, \"latest_revision_created_at\": null, \"live_revision\": null, \"alias_of\": null, \"date\": \"2021-01-23\", \"intro\": \"Primera entrada del blog\", \"body\": \"<p>Esta es la primera entrada del blog</p>\"}", "approved_go_live_at": null}}, {"model": "wagtailcore.pagerevision", "pk": 9, "fields": {"page": 5, "submitted_for_moderation": false, "created_at": "2021-01-23T11:36:45.472Z", "user": 1, "content_json": "{\"pk\": 5, \"path\": \"000100010002\", \"depth\": 3, \"numchild\": 1, \"translation_key\": \"ac59ff06-9c4e-4db4-97ea-4d7a5c9f4485\", \"locale\": 1, \"title\": \"Blog\", \"draft_title\": \"Blog\", \"slug\": \"blog\", \"content_type\": 39, \"live\": true, \"has_unpublished_changes\": false, \"url_path\": \"/home/blog/\", \"owner\": 1, \"seo_title\": \"blog\", \"show_in_menus\": true, \"search_description\": \"\", \"go_live_at\": null, \"expire_at\": null, \"expired\": false, \"locked\": false, \"locked_at\": null, \"locked_by\": null, \"first_published_at\": \"2021-01-23T11:28:38.499Z\", \"last_published_at\": \"2021-01-23T11:30:01.444Z\", \"latest_revision_created_at\": \"2021-01-23T11:30:01.425Z\", \"live_revision\": 7, \"alias_of\": null, \"date\": \"2021-01-23\", \"intro\": \"Hello World\", \"body\": \"<p>Estas en el blog de Celia</p>\"}", "approved_go_live_at": null}}, {"model": "wagtailcore.pagerevision", "pk": 10, "fields": {"page": 3, "submitted_for_moderation": false, "created_at": "2021-01-23T12:24:03.631Z", "user": 1, "content_json": "{\"pk\": 3, \"path\": \"00010001\", \"depth\": 2, \"numchild\": 1, \"translation_key\": \"f6c37be3-3b56-4f26-af25-896a2fce6c22\", \"locale\": 1, \"title\": \"Celia Garcia Marquez\", \"draft_title\": \"Celia Garcia Marquez\", \"slug\": \"home\", \"content_type\": 2, \"live\": true, \"has_unpublished_changes\": false, \"url_path\": \"/home/\", \"owner\": null, \"seo_title\": \"\", \"show_in_menus\": false, \"search_description\": \"\", \"go_live_at\": null, \"expire_at\": null, \"expired\": false, \"locked\": false, \"locked_at\": null, \"locked_by\": null, \"first_published_at\": \"2021-01-23T10:46:52.642Z\", \"last_published_at\": \"2021-01-23T10:51:42.825Z\", \"latest_revision_created_at\": \"2021-01-23T10:51:42.775Z\", \"live_revision\": 3, \"alias_of\": null, \"body\": \"<h2>Celia Garc\\u00eda M\\u00e1rquez</h2><h3>Bienvenido a la p\\u00e1gina de inicio.</h3><p></p><embed alt=\\\"avatar.jpg\\\" embedtype=\\\"image\\\" format=\\\"left\\\" id=\\\"1\\\"/><p></p>\"}", "approved_go_live_at": null}}, {"model": "wagtailcore.pagerevision", "pk": 11, "fields": {"page": 6, "submitted_for_moderation": false, "created_at": "2021-01-23T12:35:16.965Z", "user": 1, "content_json": "{\"pk\": 6, \"path\": \"0001000100020001\", \"depth\": 4, \"numchild\": 0, \"translation_key\": \"3fdc715d-d9b0-4c7d-bc69-bce910270ae6\", \"locale\": 1, \"title\": \"Openstack\", \"draft_title\": \"Primera entrada\", \"slug\": \"primera-entrada\", \"content_type\": 39, \"live\": true, \"has_unpublished_changes\": false, \"url_path\": \"/home/blog/primera-entrada/\", \"owner\": 1, \"seo_title\": \"\", \"show_in_menus\": false, \"search_description\": \"\", \"go_live_at\": null, \"expire_at\": null, \"expired\": false, \"locked\": false, \"locked_at\": null, \"locked_by\": null, \"first_published_at\": \"2021-01-23T11:33:10.416Z\", \"last_published_at\": \"2021-01-23T11:33:10.416Z\", \"latest_revision_created_at\": \"2021-01-23T11:33:10.399Z\", \"live_revision\": 8, \"alias_of\": null, \"date\": \"2021-01-23\", \"intro\": \"Primera entrada del blog\", \"body\": \"<p>Esta es la primera entrada del blog.</p><p>Este proyecto est\\u00e1 implantado sobre Openstack.</p>\", \"gallery_images\": [{\"pk\": null, \"sort_order\": 0, \"page\": 6, \"image\": 2, \"caption\": \"\"}]}", "approved_go_live_at": null}}, {"model": "wagtailcore.pagerevision", "pk": 12, "fields": {"page": 6, "submitted_for_moderation": false, "created_at": "2021-01-23T12:42:12.488Z", "user": 1, "content_json": "{\"pk\": 6, \"path\": \"0001000100020001\", \"depth\": 4, \"numchild\": 0, \"translation_key\": \"3fdc715d-d9b0-4c7d-bc69-bce910270ae6\", \"locale\": 1, \"title\": \"Openstack\", \"draft_title\": \"Openstack\", \"slug\": \"primera-entrada\", \"content_type\": 39, \"live\": true, \"has_unpublished_changes\": false, \"url_path\": \"/home/blog/primera-entrada/\", \"owner\": 1, \"seo_title\": \"\", \"show_in_menus\": false, \"search_description\": \"\", \"go_live_at\": null, \"expire_at\": null, \"expired\": false, \"locked\": false, \"locked_at\": null, \"locked_by\": null, \"first_published_at\": \"2021-01-23T11:33:10.416Z\", \"last_published_at\": \"2021-01-23T12:35:17.008Z\", \"latest_revision_created_at\": \"2021-01-23T12:35:16.965Z\", \"live_revision\": 11, \"alias_of\": null, \"date\": \"2021-01-23\", \"intro\": \"Primera entrada del blog\", \"body\": \"<p>Esta es la primera entrada del blog.</p><p>Este proyecto est\\u00e1 implantado sobre Openstack.</p>\", \"gallery_images\": [{\"pk\": null, \"sort_order\": 0, \"page\": 6, \"image\": 3, \"caption\": \"\"}]}", "approved_go_live_at": null}}, {"model": "wagtailcore.grouppagepermission", "pk": 1, "fields": {"group": 1, "page": 1, "permission_type": "add"}}, {"model": "wagtailcore.grouppagepermission", "pk": 2, "fields": {"group": 1, "page": 1, "permission_type": "edit"}}, {"model": "wagtailcore.grouppagepermission", "pk": 3, "fields": {"group": 1, "page": 1, "permission_type": "publish"}}, {"model": "wagtailcore.grouppagepermission", "pk": 4, "fields": {"group": 2, "page": 1, "permission_type": "add"}}, {"model": "wagtailcore.grouppagepermission", "pk": 5, "fields": {"group": 2, "page": 1, "permission_type": "edit"}}, {"model": "wagtailcore.grouppagepermission", "pk": 6, "fields": {"group": 1, "page": 1, "permission_type": "lock"}}, {"model": "wagtailcore.grouppagepermission", "pk": 7, "fields": {"group": 1, "page": 1, "permission_type": "unlock"}}, {"model": "wagtailcore.collection", "pk": 1, "fields": {"path": "0001", "depth": 1, "numchild": 0, "name": "Root"}}, {"model": "wagtailcore.groupcollectionpermission", "pk": 1, "fields": {"group": 2, "collection": 1, "permission": 2}}, {"model": "wagtailcore.groupcollectionpermission", "pk": 2, "fields": {"group": 1, "collection": 1, "permission": 2}}, {"model": "wagtailcore.groupcollectionpermission", "pk": 3, "fields": {"group": 2, "collection": 1, "permission": 3}}, {"model": "wagtailcore.groupcollectionpermission", "pk": 4, "fields": {"group": 1, "collection": 1, "permission": 3}}, {"model": "wagtailcore.groupcollectionpermission", "pk": 5, "fields": {"group": 2, "collection": 1, "permission": 5}}, {"model": "wagtailcore.groupcollectionpermission", "pk": 6, "fields": {"group": 1, "collection": 1, "permission": 5}}, {"model": "wagtailcore.groupcollectionpermission", "pk": 7, "fields": {"group": 2, "collection": 1, "permission": 6}}, {"model": "wagtailcore.groupcollectionpermission", "pk": 8, "fields": {"group": 1, "collection": 1, "permission": 6}}, {"model": "wagtailcore.workflowpage", "pk": 1, "fields": {"workflow": 1}}, {"model": "wagtailcore.workflowtask", "pk": 1, "fields": {"sort_order": 0, "workflow": 1, "task": 1}}, {"model": "wagtailcore.task", "pk": 1, "fields": {"name": "Moderators approval", "content_type": 4, "active": true}}, {"model": "wagtailcore.workflow", "pk": 1, "fields": {"name": "Moderators approval", "active": true}}, {"model": "wagtailcore.groupapprovaltask", "pk": 1, "fields": {"groups": [1]}}, {"model": "wagtailcore.pagelogentry", "pk": 1, "fields": {"content_type": 2, "label": "Home", "action": "wagtail.edit", "data_json": "\"\"", "timestamp": "2021-01-23T10:46:52.634Z", "user": 1, "content_changed": true, "deleted": false, "page": 3, "revision": 1}}, {"model": "wagtailcore.pagelogentry", "pk": 2, "fields": {"content_type": 2, "label": "Home", "action": "wagtail.publish", "data_json": "null", "timestamp": "2021-01-23T10:46:52.658Z", "user": 1, "content_changed": true, "deleted": false, "page": 3, "revision": 1}}, {"model": "wagtailcore.pagelogentry", "pk": 3, "fields": {"content_type": 2, "label": "Celia", "action": "wagtail.edit", "data_json": "\"\"", "timestamp": "2021-01-23T10:49:28.957Z", "user": 1, "content_changed": true, "deleted": false, "page": 3, "revision": 2}}, {"model": "wagtailcore.pagelogentry", "pk": 4, "fields": {"content_type": 2, "label": "Celia", "action": "wagtail.rename", "data_json": "{\"title\": {\"old\": \"Home\", \"new\": \"Celia\"}}", "timestamp": "2021-01-23T10:49:28.980Z", "user": 1, "content_changed": false, "deleted": false, "page": 3, "revision": 2}}, {"model": "wagtailcore.pagelogentry", "pk": 5, "fields": {"content_type": 2, "label": "Celia", "action": "wagtail.publish", "data_json": "{\"title\": {\"old\": \"Home\", \"new\": \"Celia\"}}", "timestamp": "2021-01-23T10:49:28.984Z", "user": 1, "content_changed": true, "deleted": false, "page": 3, "revision": 2}}, {"model": "wagtailcore.pagelogentry", "pk": 6, "fields": {"content_type": 2, "label": "Celia Garcia Marquez", "action": "wagtail.edit", "data_json": "\"\"", "timestamp": "2021-01-23T10:51:42.815Z", "user": 1, "content_changed": true, "deleted": false, "page": 3, "revision": 3}}, {"model": "wagtailcore.pagelogentry", "pk": 7, "fields": {"content_type": 2, "label": "Celia Garcia Marquez", "action": "wagtail.rename", "data_json": "{\"title\": {\"old\": \"Celia\", \"new\": \"Celia Garcia Marquez\"}}", "timestamp": "2021-01-23T10:51:42.845Z", "user": 1, "content_changed": false, "deleted": false, "page": 3, "revision": 3}}, {"model": "wagtailcore.pagelogentry", "pk": 8, "fields": {"content_type": 2, "label": "Celia Garcia Marquez", "action": "wagtail.publish", "data_json": "{\"title\": {\"old\": \"Celia\", \"new\": \"Celia Garcia Marquez\"}}", "timestamp": "2021-01-23T10:51:42.848Z", "user": 1, "content_changed": true, "deleted": false, "page": 3, "revision": 3}}, {"model": "wagtailcore.pagelogentry", "pk": 9, "fields": {"content_type": 38, "label": "Celi's blog", "action": "wagtail.create", "data_json": "\"\"", "timestamp": "2021-01-23T11:04:24.535Z", "user": 1, "content_changed": true, "deleted": false, "page": 4, "revision": null}}, {"model": "wagtailcore.pagelogentry", "pk": 10, "fields": {"content_type": 38, "label": "Celi's blog", "action": "wagtail.publish", "data_json": "null", "timestamp": "2021-01-23T11:04:24.574Z", "user": 1, "content_changed": true, "deleted": false, "page": 4, "revision": 4}}, {"model": "wagtailcore.pagelogentry", "pk": 11, "fields": {"content_type": 39, "label": "Blog", "action": "wagtail.create", "data_json": "\"\"", "timestamp": "2021-01-23T11:28:38.450Z", "user": 1, "content_changed": true, "deleted": false, "page": 5, "revision": null}}, {"model": "wagtailcore.pagelogentry", "pk": 12, "fields": {"content_type": 39, "label": "Blog", "action": "wagtail.publish", "data_json": "null", "timestamp": "2021-01-23T11:28:38.517Z", "user": 1, "content_changed": true, "deleted": false, "page": 5, "revision": 5}}, {"model": "wagtailcore.pagelogentry", "pk": 13, "fields": {"content_type": 1, "label": "Celi's blog", "action": "wagtail.delete", "data_json": "\"\"", "timestamp": "2021-01-23T11:29:07.535Z", "user": 1, "content_changed": false, "deleted": true, "page": 4, "revision": null}}, {"model": "wagtailcore.pagelogentry", "pk": 14, "fields": {"content_type": 39, "label": "Blog", "action": "wagtail.edit", "data_json": "\"\"", "timestamp": "2021-01-23T11:29:19.102Z", "user": 1, "content_changed": true, "deleted": false, "page": 5, "revision": 6}}, {"model": "wagtailcore.pagelogentry", "pk": 15, "fields": {"content_type": 39, "label": "Blog", "action": "wagtail.publish", "data_json": "null", "timestamp": "2021-01-23T11:29:19.144Z", "user": 1, "content_changed": true, "deleted": false, "page": 5, "revision": 6}}, {"model": "wagtailcore.pagelogentry", "pk": 16, "fields": {"content_type": 39, "label": "Blog", "action": "wagtail.edit", "data_json": "\"\"", "timestamp": "2021-01-23T11:30:01.435Z", "user": 1, "content_changed": true, "deleted": false, "page": 5, "revision": 7}}, {"model": "wagtailcore.pagelogentry", "pk": 17, "fields": {"content_type": 39, "label": "Blog", "action": "wagtail.publish", "data_json": "null", "timestamp": "2021-01-23T11:30:01.459Z", "user": 1, "content_changed": false, "deleted": false, "page": 5, "revision": 7}}, {"model": "wagtailcore.pagelogentry", "pk": 18, "fields": {"content_type": 39, "label": "Primera entrada", "action": "wagtail.create", "data_json": "\"\"", "timestamp": "2021-01-23T11:33:10.381Z", "user": 1, "content_changed": true, "deleted": false, "page": 6, "revision": null}}, {"model": "wagtailcore.pagelogentry", "pk": 19, "fields": {"content_type": 39, "label": "Primera entrada", "action": "wagtail.publish", "data_json": "null", "timestamp": "2021-01-23T11:33:10.431Z", "user": 1, "content_changed": true, "deleted": false, "page": 6, "revision": 8}}, {"model": "wagtailcore.pagelogentry", "pk": 20, "fields": {"content_type": 39, "label": "Blog", "action": "wagtail.edit", "data_json": "\"\"", "timestamp": "2021-01-23T11:36:45.482Z", "user": 1, "content_changed": true, "deleted": false, "page": 5, "revision": 9}}, {"model": "wagtailcore.pagelogentry", "pk": 21, "fields": {"content_type": 39, "label": "Blog", "action": "wagtail.publish", "data_json": "null", "timestamp": "2021-01-23T11:36:45.505Z", "user": 1, "content_changed": true, "deleted": false, "page": 5, "revision": 9}}, {"model": "wagtailcore.pagelogentry", "pk": 22, "fields": {"content_type": 2, "label": "Celia Garcia Marquez", "action": "wagtail.edit", "data_json": "\"\"", "timestamp": "2021-01-23T12:24:03.643Z", "user": 1, "content_changed": true, "deleted": false, "page": 3, "revision": 10}}, {"model": "wagtailcore.pagelogentry", "pk": 23, "fields": {"content_type": 2, "label": "Celia Garcia Marquez", "action": "wagtail.publish", "data_json": "null", "timestamp": "2021-01-23T12:24:03.665Z", "user": 1, "content_changed": true, "deleted": false, "page": 3, "revision": 10}}, {"model": "wagtailcore.pagelogentry", "pk": 24, "fields": {"content_type": 39, "label": "Openstack", "action": "wagtail.edit", "data_json": "\"\"", "timestamp": "2021-01-23T12:35:16.996Z", "user": 1, "content_changed": true, "deleted": false, "page": 6, "revision": 11}}, {"model": "wagtailcore.pagelogentry", "pk": 25, "fields": {"content_type": 39, "label": "Openstack", "action": "wagtail.rename", "data_json": "{\"title\": {\"old\": \"Primera entrada\", \"new\": \"Openstack\"}}", "timestamp": "2021-01-23T12:35:17.025Z", "user": 1, "content_changed": false, "deleted": false, "page": 6, "revision": 11}}, {"model": "wagtailcore.pagelogentry", "pk": 26, "fields": {"content_type": 39, "label": "Openstack", "action": "wagtail.publish", "data_json": "{\"title\": {\"old\": \"Primera entrada\", \"new\": \"Openstack\"}}", "timestamp": "2021-01-23T12:35:17.028Z", "user": 1, "content_changed": true, "deleted": false, "page": 6, "revision": 11}}, {"model": "wagtailcore.pagelogentry", "pk": 27, "fields": {"content_type": 39, "label": "Openstack", "action": "wagtail.edit", "data_json": "\"\"", "timestamp": "2021-01-23T12:42:12.515Z", "user": 1, "content_changed": true, "deleted": false, "page": 6, "revision": 12}}, {"model": "wagtailcore.pagelogentry", "pk": 28, "fields": {"content_type": 39, "label": "Openstack", "action": "wagtail.publish", "data_json": "null", "timestamp": "2021-01-23T12:42:12.542Z", "user": 1, "content_changed": true, "deleted": false, "page": 6, "revision": 12}}, {"model": "taggit.tag", "pk": 1, "fields": {"name": "openstack", "slug": "openstack"}}, {"model": "taggit.taggeditem", "pk": 1, "fields": {"tag": 1, "content_type": 6, "object_id": 2}}, {"model": "auth.permission", "pk": 1, "fields": {"name": "Can access Wagtail admin", "content_type": 3, "codename": "access_admin"}}, {"model": "auth.permission", "pk": 2, "fields": {"name": "Can add document", "content_type": 5, "codename": "add_document"}}, {"model": "auth.permission", "pk": 3, "fields": {"name": "Can change document", "content_type": 5, "codename": "change_document"}}, {"model": "auth.permission", "pk": 4, "fields": {"name": "Can delete document", "content_type": 5, "codename": "delete_document"}}, {"model": "auth.permission", "pk": 5, "fields": {"name": "Can add image", "content_type": 6, "codename": "add_image"}}, {"model": "auth.permission", "pk": 6, "fields": {"name": "Can change image", "content_type": 6, "codename": "change_image"}}, {"model": "auth.permission", "pk": 7, "fields": {"name": "Can delete image", "content_type": 6, "codename": "delete_image"}}, {"model": "auth.permission", "pk": 8, "fields": {"name": "Can add home page", "content_type": 2, "codename": "add_homepage"}}, {"model": "auth.permission", "pk": 9, "fields": {"name": "Can change home page", "content_type": 2, "codename": "change_homepage"}}, {"model": "auth.permission", "pk": 10, "fields": {"name": "Can delete home page", "content_type": 2, "codename": "delete_homepage"}}, {"model": "auth.permission", "pk": 11, "fields": {"name": "Can view home page", "content_type": 2, "codename": "view_homepage"}}, {"model": "auth.permission", "pk": 12, "fields": {"name": "Can add form submission", "content_type": 7, "codename": "add_formsubmission"}}, {"model": "auth.permission", "pk": 13, "fields": {"name": "Can change form submission", "content_type": 7, "codename": "change_formsubmission"}}, {"model": "auth.permission", "pk": 14, "fields": {"name": "Can delete form submission", "content_type": 7, "codename": "delete_formsubmission"}}, {"model": "auth.permission", "pk": 15, "fields": {"name": "Can view form submission", "content_type": 7, "codename": "view_formsubmission"}}, {"model": "auth.permission", "pk": 16, "fields": {"name": "Can add redirect", "content_type": 8, "codename": "add_redirect"}}, {"model": "auth.permission", "pk": 17, "fields": {"name": "Can change redirect", "content_type": 8, "codename": "change_redirect"}}, {"model": "auth.permission", "pk": 18, "fields": {"name": "Can delete redirect", "content_type": 8, "codename": "delete_redirect"}}, {"model": "auth.permission", "pk": 19, "fields": {"name": "Can view redirect", "content_type": 8, "codename": "view_redirect"}}, {"model": "auth.permission", "pk": 20, "fields": {"name": "Can add embed", "content_type": 9, "codename": "add_embed"}}, {"model": "auth.permission", "pk": 21, "fields": {"name": "Can change embed", "content_type": 9, "codename": "change_embed"}}, {"model": "auth.permission", "pk": 22, "fields": {"name": "Can delete embed", "content_type": 9, "codename": "delete_embed"}}, {"model": "auth.permission", "pk": 23, "fields": {"name": "Can view embed", "content_type": 9, "codename": "view_embed"}}, {"model": "auth.permission", "pk": 24, "fields": {"name": "Can add user profile", "content_type": 10, "codename": "add_userprofile"}}, {"model": "auth.permission", "pk": 25, "fields": {"name": "Can change user profile", "content_type": 10, "codename": "change_userprofile"}}, {"model": "auth.permission", "pk": 26, "fields": {"name": "Can delete user profile", "content_type": 10, "codename": "delete_userprofile"}}, {"model": "auth.permission", "pk": 27, "fields": {"name": "Can view user profile", "content_type": 10, "codename": "view_userprofile"}}, {"model": "auth.permission", "pk": 28, "fields": {"name": "Can view document", "content_type": 5, "codename": "view_document"}}, {"model": "auth.permission", "pk": 29, "fields": {"name": "Can view image", "content_type": 6, "codename": "view_image"}}, {"model": "auth.permission", "pk": 30, "fields": {"name": "Can add rendition", "content_type": 11, "codename": "add_rendition"}}, {"model": "auth.permission", "pk": 31, "fields": {"name": "Can change rendition", "content_type": 11, "codename": "change_rendition"}}, {"model": "auth.permission", "pk": 32, "fields": {"name": "Can delete rendition", "content_type": 11, "codename": "delete_rendition"}}, {"model": "auth.permission", "pk": 33, "fields": {"name": "Can view rendition", "content_type": 11, "codename": "view_rendition"}}, {"model": "auth.permission", "pk": 34, "fields": {"name": "Can add uploaded image", "content_type": 12, "codename": "add_uploadedimage"}}, {"model": "auth.permission", "pk": 35, "fields": {"name": "Can change uploaded image", "content_type": 12, "codename": "change_uploadedimage"}}, {"model": "auth.permission", "pk": 36, "fields": {"name": "Can delete uploaded image", "content_type": 12, "codename": "delete_uploadedimage"}}, {"model": "auth.permission", "pk": 37, "fields": {"name": "Can view uploaded image", "content_type": 12, "codename": "view_uploadedimage"}}, {"model": "auth.permission", "pk": 38, "fields": {"name": "Can add query", "content_type": 13, "codename": "add_query"}}, {"model": "auth.permission", "pk": 39, "fields": {"name": "Can change query", "content_type": 13, "codename": "change_query"}}, {"model": "auth.permission", "pk": 40, "fields": {"name": "Can delete query", "content_type": 13, "codename": "delete_query"}}, {"model": "auth.permission", "pk": 41, "fields": {"name": "Can view query", "content_type": 13, "codename": "view_query"}}, {"model": "auth.permission", "pk": 42, "fields": {"name": "Can add Query Daily Hits", "content_type": 14, "codename": "add_querydailyhits"}}, {"model": "auth.permission", "pk": 43, "fields": {"name": "Can change Query Daily Hits", "content_type": 14, "codename": "change_querydailyhits"}}, {"model": "auth.permission", "pk": 44, "fields": {"name": "Can delete Query Daily Hits", "content_type": 14, "codename": "delete_querydailyhits"}}, {"model": "auth.permission", "pk": 45, "fields": {"name": "Can view Query Daily Hits", "content_type": 14, "codename": "view_querydailyhits"}}, {"model": "auth.permission", "pk": 46, "fields": {"name": "Can add page", "content_type": 1, "codename": "add_page"}}, {"model": "auth.permission", "pk": 47, "fields": {"name": "Can change page", "content_type": 1, "codename": "change_page"}}, {"model": "auth.permission", "pk": 48, "fields": {"name": "Can delete page", "content_type": 1, "codename": "delete_page"}}, {"model": "auth.permission", "pk": 49, "fields": {"name": "Can view page", "content_type": 1, "codename": "view_page"}}, {"model": "auth.permission", "pk": 50, "fields": {"name": "Can add group page permission", "content_type": 15, "codename": "add_grouppagepermission"}}, {"model": "auth.permission", "pk": 51, "fields": {"name": "Can change group page permission", "content_type": 15, "codename": "change_grouppagepermission"}}, {"model": "auth.permission", "pk": 52, "fields": {"name": "Can delete group page permission", "content_type": 15, "codename": "delete_grouppagepermission"}}, {"model": "auth.permission", "pk": 53, "fields": {"name": "Can view group page permission", "content_type": 15, "codename": "view_grouppagepermission"}}, {"model": "auth.permission", "pk": 54, "fields": {"name": "Can add page revision", "content_type": 16, "codename": "add_pagerevision"}}, {"model": "auth.permission", "pk": 55, "fields": {"name": "Can change page revision", "content_type": 16, "codename": "change_pagerevision"}}, {"model": "auth.permission", "pk": 56, "fields": {"name": "Can delete page revision", "content_type": 16, "codename": "delete_pagerevision"}}, {"model": "auth.permission", "pk": 57, "fields": {"name": "Can view page revision", "content_type": 16, "codename": "view_pagerevision"}}, {"model": "auth.permission", "pk": 58, "fields": {"name": "Can add page view restriction", "content_type": 17, "codename": "add_pageviewrestriction"}}, {"model": "auth.permission", "pk": 59, "fields": {"name": "Can change page view restriction", "content_type": 17, "codename": "change_pageviewrestriction"}}, {"model": "auth.permission", "pk": 60, "fields": {"name": "Can delete page view restriction", "content_type": 17, "codename": "delete_pageviewrestriction"}}, {"model": "auth.permission", "pk": 61, "fields": {"name": "Can view page view restriction", "content_type": 17, "codename": "view_pageviewrestriction"}}, {"model": "auth.permission", "pk": 62, "fields": {"name": "Can add site", "content_type": 18, "codename": "add_site"}}, {"model": "auth.permission", "pk": 63, "fields": {"name": "Can change site", "content_type": 18, "codename": "change_site"}}, {"model": "auth.permission", "pk": 64, "fields": {"name": "Can delete site", "content_type": 18, "codename": "delete_site"}}, {"model": "auth.permission", "pk": 65, "fields": {"name": "Can view site", "content_type": 18, "codename": "view_site"}}, {"model": "auth.permission", "pk": 66, "fields": {"name": "Can add collection", "content_type": 19, "codename": "add_collection"}}, {"model": "auth.permission", "pk": 67, "fields": {"name": "Can change collection", "content_type": 19, "codename": "change_collection"}}, {"model": "auth.permission", "pk": 68, "fields": {"name": "Can delete collection", "content_type": 19, "codename": "delete_collection"}}, {"model": "auth.permission", "pk": 69, "fields": {"name": "Can view collection", "content_type": 19, "codename": "view_collection"}}, {"model": "auth.permission", "pk": 70, "fields": {"name": "Can add group collection permission", "content_type": 20, "codename": "add_groupcollectionpermission"}}, {"model": "auth.permission", "pk": 71, "fields": {"name": "Can change group collection permission", "content_type": 20, "codename": "change_groupcollectionpermission"}}, {"model": "auth.permission", "pk": 72, "fields": {"name": "Can delete group collection permission", "content_type": 20, "codename": "delete_groupcollectionpermission"}}, {"model": "auth.permission", "pk": 73, "fields": {"name": "Can view group collection permission", "content_type": 20, "codename": "view_groupcollectionpermission"}}, {"model": "auth.permission", "pk": 74, "fields": {"name": "Can add collection view restriction", "content_type": 21, "codename": "add_collectionviewrestriction"}}, {"model": "auth.permission", "pk": 75, "fields": {"name": "Can change collection view restriction", "content_type": 21, "codename": "change_collectionviewrestriction"}}, {"model": "auth.permission", "pk": 76, "fields": {"name": "Can delete collection view restriction", "content_type": 21, "codename": "delete_collectionviewrestriction"}}, {"model": "auth.permission", "pk": 77, "fields": {"name": "Can view collection view restriction", "content_type": 21, "codename": "view_collectionviewrestriction"}}, {"model": "auth.permission", "pk": 78, "fields": {"name": "Can add task", "content_type": 22, "codename": "add_task"}}, {"model": "auth.permission", "pk": 79, "fields": {"name": "Can change task", "content_type": 22, "codename": "change_task"}}, {"model": "auth.permission", "pk": 80, "fields": {"name": "Can delete task", "content_type": 22, "codename": "delete_task"}}, {"model": "auth.permission", "pk": 81, "fields": {"name": "Can view task", "content_type": 22, "codename": "view_task"}}, {"model": "auth.permission", "pk": 82, "fields": {"name": "Can add Task state", "content_type": 23, "codename": "add_taskstate"}}, {"model": "auth.permission", "pk": 83, "fields": {"name": "Can change Task state", "content_type": 23, "codename": "change_taskstate"}}, {"model": "auth.permission", "pk": 84, "fields": {"name": "Can delete Task state", "content_type": 23, "codename": "delete_taskstate"}}, {"model": "auth.permission", "pk": 85, "fields": {"name": "Can view Task state", "content_type": 23, "codename": "view_taskstate"}}, {"model": "auth.permission", "pk": 86, "fields": {"name": "Can add workflow", "content_type": 24, "codename": "add_workflow"}}, {"model": "auth.permission", "pk": 87, "fields": {"name": "Can change workflow", "content_type": 24, "codename": "change_workflow"}}, {"model": "auth.permission", "pk": 88, "fields": {"name": "Can delete workflow", "content_type": 24, "codename": "delete_workflow"}}, {"model": "auth.permission", "pk": 89, "fields": {"name": "Can view workflow", "content_type": 24, "codename": "view_workflow"}}, {"model": "auth.permission", "pk": 90, "fields": {"name": "Can add Group approval task", "content_type": 4, "codename": "add_groupapprovaltask"}}, {"model": "auth.permission", "pk": 91, "fields": {"name": "Can change Group approval task", "content_type": 4, "codename": "change_groupapprovaltask"}}, {"model": "auth.permission", "pk": 92, "fields": {"name": "Can delete Group approval task", "content_type": 4, "codename": "delete_groupapprovaltask"}}, {"model": "auth.permission", "pk": 93, "fields": {"name": "Can view Group approval task", "content_type": 4, "codename": "view_groupapprovaltask"}}, {"model": "auth.permission", "pk": 94, "fields": {"name": "Can add Workflow state", "content_type": 25, "codename": "add_workflowstate"}}, {"model": "auth.permission", "pk": 95, "fields": {"name": "Can change Workflow state", "content_type": 25, "codename": "change_workflowstate"}}, {"model": "auth.permission", "pk": 96, "fields": {"name": "Can delete Workflow state", "content_type": 25, "codename": "delete_workflowstate"}}, {"model": "auth.permission", "pk": 97, "fields": {"name": "Can view Workflow state", "content_type": 25, "codename": "view_workflowstate"}}, {"model": "auth.permission", "pk": 98, "fields": {"name": "Can add workflow page", "content_type": 26, "codename": "add_workflowpage"}}, {"model": "auth.permission", "pk": 99, "fields": {"name": "Can change workflow page", "content_type": 26, "codename": "change_workflowpage"}}, {"model": "auth.permission", "pk": 100, "fields": {"name": "Can delete workflow page", "content_type": 26, "codename": "delete_workflowpage"}}, {"model": "auth.permission", "pk": 101, "fields": {"name": "Can view workflow page", "content_type": 26, "codename": "view_workflowpage"}}, {"model": "auth.permission", "pk": 102, "fields": {"name": "Can add workflow task order", "content_type": 27, "codename": "add_workflowtask"}}, {"model": "auth.permission", "pk": 103, "fields": {"name": "Can change workflow task order", "content_type": 27, "codename": "change_workflowtask"}}, {"model": "auth.permission", "pk": 104, "fields": {"name": "Can delete workflow task order", "content_type": 27, "codename": "delete_workflowtask"}}, {"model": "auth.permission", "pk": 105, "fields": {"name": "Can view workflow task order", "content_type": 27, "codename": "view_workflowtask"}}, {"model": "auth.permission", "pk": 106, "fields": {"name": "Can add page log entry", "content_type": 28, "codename": "add_pagelogentry"}}, {"model": "auth.permission", "pk": 107, "fields": {"name": "Can change page log entry", "content_type": 28, "codename": "change_pagelogentry"}}, {"model": "auth.permission", "pk": 108, "fields": {"name": "Can delete page log entry", "content_type": 28, "codename": "delete_pagelogentry"}}, {"model": "auth.permission", "pk": 109, "fields": {"name": "Can view page log entry", "content_type": 28, "codename": "view_pagelogentry"}}, {"model": "auth.permission", "pk": 110, "fields": {"name": "Can add locale", "content_type": 29, "codename": "add_locale"}}, {"model": "auth.permission", "pk": 111, "fields": {"name": "Can change locale", "content_type": 29, "codename": "change_locale"}}, {"model": "auth.permission", "pk": 112, "fields": {"name": "Can delete locale", "content_type": 29, "codename": "delete_locale"}}, {"model": "auth.permission", "pk": 113, "fields": {"name": "Can view locale", "content_type": 29, "codename": "view_locale"}}, {"model": "auth.permission", "pk": 114, "fields": {"name": "Can add tag", "content_type": 30, "codename": "add_tag"}}, {"model": "auth.permission", "pk": 115, "fields": {"name": "Can change tag", "content_type": 30, "codename": "change_tag"}}, {"model": "auth.permission", "pk": 116, "fields": {"name": "Can delete tag", "content_type": 30, "codename": "delete_tag"}}, {"model": "auth.permission", "pk": 117, "fields": {"name": "Can view tag", "content_type": 30, "codename": "view_tag"}}, {"model": "auth.permission", "pk": 118, "fields": {"name": "Can add tagged item", "content_type": 31, "codename": "add_taggeditem"}}, {"model": "auth.permission", "pk": 119, "fields": {"name": "Can change tagged item", "content_type": 31, "codename": "change_taggeditem"}}, {"model": "auth.permission", "pk": 120, "fields": {"name": "Can delete tagged item", "content_type": 31, "codename": "delete_taggeditem"}}, {"model": "auth.permission", "pk": 121, "fields": {"name": "Can view tagged item", "content_type": 31, "codename": "view_taggeditem"}}, {"model": "auth.permission", "pk": 122, "fields": {"name": "Can add log entry", "content_type": 32, "codename": "add_logentry"}}, {"model": "auth.permission", "pk": 123, "fields": {"name": "Can change log entry", "content_type": 32, "codename": "change_logentry"}}, {"model": "auth.permission", "pk": 124, "fields": {"name": "Can delete log entry", "content_type": 32, "codename": "delete_logentry"}}, {"model": "auth.permission", "pk": 125, "fields": {"name": "Can view log entry", "content_type": 32, "codename": "view_logentry"}}, {"model": "auth.permission", "pk": 126, "fields": {"name": "Can add permission", "content_type": 33, "codename": "add_permission"}}, {"model": "auth.permission", "pk": 127, "fields": {"name": "Can change permission", "content_type": 33, "codename": "change_permission"}}, {"model": "auth.permission", "pk": 128, "fields": {"name": "Can delete permission", "content_type": 33, "codename": "delete_permission"}}, {"model": "auth.permission", "pk": 129, "fields": {"name": "Can view permission", "content_type": 33, "codename": "view_permission"}}, {"model": "auth.permission", "pk": 130, "fields": {"name": "Can add group", "content_type": 34, "codename": "add_group"}}, {"model": "auth.permission", "pk": 131, "fields": {"name": "Can change group", "content_type": 34, "codename": "change_group"}}, {"model": "auth.permission", "pk": 132, "fields": {"name": "Can delete group", "content_type": 34, "codename": "delete_group"}}, {"model": "auth.permission", "pk": 133, "fields": {"name": "Can view group", "content_type": 34, "codename": "view_group"}}, {"model": "auth.permission", "pk": 134, "fields": {"name": "Can add user", "content_type": 35, "codename": "add_user"}}, {"model": "auth.permission", "pk": 135, "fields": {"name": "Can change user", "content_type": 35, "codename": "change_user"}}, {"model": "auth.permission", "pk": 136, "fields": {"name": "Can delete user", "content_type": 35, "codename": "delete_user"}}, {"model": "auth.permission", "pk": 137, "fields": {"name": "Can view user", "content_type": 35, "codename": "view_user"}}, {"model": "auth.permission", "pk": 138, "fields": {"name": "Can add content type", "content_type": 36, "codename": "add_contenttype"}}, {"model": "auth.permission", "pk": 139, "fields": {"name": "Can change content type", "content_type": 36, "codename": "change_contenttype"}}, {"model": "auth.permission", "pk": 140, "fields": {"name": "Can delete content type", "content_type": 36, "codename": "delete_contenttype"}}, {"model": "auth.permission", "pk": 141, "fields": {"name": "Can view content type", "content_type": 36, "codename": "view_contenttype"}}, {"model": "auth.permission", "pk": 142, "fields": {"name": "Can add session", "content_type": 37, "codename": "add_session"}}, {"model": "auth.permission", "pk": 143, "fields": {"name": "Can change session", "content_type": 37, "codename": "change_session"}}, {"model": "auth.permission", "pk": 144, "fields": {"name": "Can delete session", "content_type": 37, "codename": "delete_session"}}, {"model": "auth.permission", "pk": 145, "fields": {"name": "Can view session", "content_type": 37, "codename": "view_session"}}, {"model": "auth.permission", "pk": 146, "fields": {"name": "Can add blog index page", "content_type": 38, "codename": "add_blogindexpage"}}, {"model": "auth.permission", "pk": 147, "fields": {"name": "Can change blog index page", "content_type": 38, "codename": "change_blogindexpage"}}, {"model": "auth.permission", "pk": 148, "fields": {"name": "Can delete blog index page", "content_type": 38, "codename": "delete_blogindexpage"}}, {"model": "auth.permission", "pk": 149, "fields": {"name": "Can view blog index page", "content_type": 38, "codename": "view_blogindexpage"}}, {"model": "auth.permission", "pk": 150, "fields": {"name": "Can add blog page", "content_type": 39, "codename": "add_blogpage"}}, {"model": "auth.permission", "pk": 151, "fields": {"name": "Can change blog page", "content_type": 39, "codename": "change_blogpage"}}, {"model": "auth.permission", "pk": 152, "fields": {"name": "Can delete blog page", "content_type": 39, "codename": "delete_blogpage"}}, {"model": "auth.permission", "pk": 153, "fields": {"name": "Can view blog page", "content_type": 39, "codename": "view_blogpage"}}, {"model": "auth.permission", "pk": 154, "fields": {"name": "Can add blog page gallery image", "content_type": 40, "codename": "add_blogpagegalleryimage"}}, {"model": "auth.permission", "pk": 155, "fields": {"name": "Can change blog page gallery image", "content_type": 40, "codename": "change_blogpagegalleryimage"}}, {"model": "auth.permission", "pk": 156, "fields": {"name": "Can delete blog page gallery image", "content_type": 40, "codename": "delete_blogpagegalleryimage"}}, {"model": "auth.permission", "pk": 157, "fields": {"name": "Can view blog page gallery image", "content_type": 40, "codename": "view_blogpagegalleryimage"}}, {"model": "auth.group", "pk": 1, "fields": {"name": "Moderators", "permissions": [1, 2, 3, 4, 5, 6, 7]}}, {"model": "auth.group", "pk": 2, "fields": {"name": "Editors", "permissions": [1, 2, 3, 4, 5, 6, 7]}}, {"model": "auth.user", "pk": 1, "fields": {"password": "pbkdf2_sha256$216000$ntM4eFcKQvNU$M3JMvQtVgTHuBgLpXDkj3KHHvFhVgJ+Y++FvNosKtmc=", "last_login": "2021-01-23T12:35:58.836Z", "is_superuser": true, "username": "celia", "first_name": "", "last_name": "", "email": "cgarmai95@gmail.com", "is_staff": true, "is_active": true, "date_joined": "2021-01-23T10:39:43.174Z", "groups": [], "user_permissions": []}}, {"model": "contenttypes.contenttype", "pk": 1, "fields": {"app_label": "wagtailcore", "model": "page"}}, {"model": "contenttypes.contenttype", "pk": 2, "fields": {"app_label": "home", "model": "homepage"}}, {"model": "contenttypes.contenttype", "pk": 3, "fields": {"app_label": "wagtailadmin", "model": "admin"}}, {"model": "contenttypes.contenttype", "pk": 4, "fields": {"app_label": "wagtailcore", "model": "groupapprovaltask"}}, {"model": "contenttypes.contenttype", "pk": 5, "fields": {"app_label": "wagtaildocs", "model": "document"}}, {"model": "contenttypes.contenttype", "pk": 6, "fields": {"app_label": "wagtailimages", "model": "image"}}, {"model": "contenttypes.contenttype", "pk": 7, "fields": {"app_label": "wagtailforms", "model": "formsubmission"}}, {"model": "contenttypes.contenttype", "pk": 8, "fields": {"app_label": "wagtailredirects", "model": "redirect"}}, {"model": "contenttypes.contenttype", "pk": 9, "fields": {"app_label": "wagtailembeds", "model": "embed"}}, {"model": "contenttypes.contenttype", "pk": 10, "fields": {"app_label": "wagtailusers", "model": "userprofile"}}, {"model": "contenttypes.contenttype", "pk": 11, "fields": {"app_label": "wagtailimages", "model": "rendition"}}, {"model": "contenttypes.contenttype", "pk": 12, "fields": {"app_label": "wagtailimages", "model": "uploadedimage"}}, {"model": "contenttypes.contenttype", "pk": 13, "fields": {"app_label": "wagtailsearch", "model": "query"}}, {"model": "contenttypes.contenttype", "pk": 14, "fields": {"app_label": "wagtailsearch", "model": "querydailyhits"}}, {"model": "contenttypes.contenttype", "pk": 15, "fields": {"app_label": "wagtailcore", "model": "grouppagepermission"}}, {"model": "contenttypes.contenttype", "pk": 16, "fields": {"app_label": "wagtailcore", "model": "pagerevision"}}, {"model": "contenttypes.contenttype", "pk": 17, "fields": {"app_label": "wagtailcore", "model": "pageviewrestriction"}}, {"model": "contenttypes.contenttype", "pk": 18, "fields": {"app_label": "wagtailcore", "model": "site"}}, {"model": "contenttypes.contenttype", "pk": 19, "fields": {"app_label": "wagtailcore", "model": "collection"}}, {"model": "contenttypes.contenttype", "pk": 20, "fields": {"app_label": "wagtailcore", "model": "groupcollectionpermission"}}, {"model": "contenttypes.contenttype", "pk": 21, "fields": {"app_label": "wagtailcore", "model": "collectionviewrestriction"}}, {"model": "contenttypes.contenttype", "pk": 22, "fields": {"app_label": "wagtailcore", "model": "task"}}, {"model": "contenttypes.contenttype", "pk": 23, "fields": {"app_label": "wagtailcore", "model": "taskstate"}}, {"model": "contenttypes.contenttype", "pk": 24, "fields": {"app_label": "wagtailcore", "model": "workflow"}}, {"model": "contenttypes.contenttype", "pk": 25, "fields": {"app_label": "wagtailcore", "model": "workflowstate"}}, {"model": "contenttypes.contenttype", "pk": 26, "fields": {"app_label": "wagtailcore", "model": "workflowpage"}}, {"model": "contenttypes.contenttype", "pk": 27, "fields": {"app_label": "wagtailcore", "model": "workflowtask"}}, {"model": "contenttypes.contenttype", "pk": 28, "fields": {"app_label": "wagtailcore", "model": "pagelogentry"}}, {"model": "contenttypes.contenttype", "pk": 29, "fields": {"app_label": "wagtailcore", "model": "locale"}}, {"model": "contenttypes.contenttype", "pk": 30, "fields": {"app_label": "taggit", "model": "tag"}}, {"model": "contenttypes.contenttype", "pk": 31, "fields": {"app_label": "taggit", "model": "taggeditem"}}, {"model": "contenttypes.contenttype", "pk": 32, "fields": {"app_label": "admin", "model": "logentry"}}, {"model": "contenttypes.contenttype", "pk": 33, "fields": {"app_label": "auth", "model": "permission"}}, {"model": "contenttypes.contenttype", "pk": 34, "fields": {"app_label": "auth", "model": "group"}}, {"model": "contenttypes.contenttype", "pk": 35, "fields": {"app_label": "auth", "model": "user"}}, {"model": "contenttypes.contenttype", "pk": 36, "fields": {"app_label": "contenttypes", "model": "contenttype"}}, {"model": "contenttypes.contenttype", "pk": 37, "fields": {"app_label": "sessions", "model": "session"}}, {"model": "contenttypes.contenttype", "pk": 38, "fields": {"app_label": "blog", "model": "blogindexpage"}}, {"model": "contenttypes.contenttype", "pk": 39, "fields": {"app_label": "blog", "model": "blogpage"}}, {"model": "contenttypes.contenttype", "pk": 40, "fields": {"app_label": "blog", "model": "blogpagegalleryimage"}}, {"model": "sessions.session", "pk": "77t4ihux1vkg3uy2t37a17xwnwbfae94", "fields": {"session_data": ".eJxVjMsOwiAQRf-FtSE8WhhcuvcbyAwMUjU0Ke3K-O_apAvd3nPOfYmI21rj1nmJUxZnocXpdyNMD247yHdst1mmua3LRHJX5EG7vM6Zn5fD_Tuo2Ou3NmC5-FGX0RTMLodciLUK7IgYndfA1oIqdvCYiAJD8AOAD8WCUdaL9wf8xDf5:1l3I5w:auh5llcu12o_TyP64iT2YZF1El1c37c3-dJRGjgZ6iU", "expire_date": "2021-02-06T12:32:48.181Z"}}, {"model": "sessions.session", "pk": "gt6cpkea3dmbtwtzw85q3ql9py5kxh9z", "fields": {"session_data": ".eJxVjMsOwiAQRf-FtSE8WhhcuvcbyAwMUjU0Ke3K-O_apAvd3nPOfYmI21rj1nmJUxZnocXpdyNMD247yHdst1mmua3LRHJX5EG7vM6Zn5fD_Tuo2Ou3NmC5-FGX0RTMLodciLUK7IgYndfA1oIqdvCYiAJD8AOAD8WCUdaL9wf8xDf5:1l3Gta:grXAIz72yu5Xv0BOPQzaz2GdHehn33oISCHgismrfig", "expire_date": "2021-02-06T11:15:58.059Z"}}, {"model": "sessions.session", "pk": "m5jxnmtum1buxv4q8de7wp240u53sbay", "fields": {"session_data": ".eJxVjMsOwiAQRf-FtSE8WhhcuvcbyAwMUjU0Ke3K-O_apAvd3nPOfYmI21rj1nmJUxZnocXpdyNMD247yHdst1mmua3LRHJX5EG7vM6Zn5fD_Tuo2Ou3NmC5-FGX0RTMLodciLUK7IgYndfA1oIqdvCYiAJD8AOAD8WCUdaL9wf8xDf5:1l3GLB:szuAqsVOCOc9osJoIQbdOYi1ciPnm1XjScZTX79iNOQ", "expire_date": "2021-02-06T10:40:25.138Z"}}, {"model": "sessions.session", "pk": "z6dknnuxta3rtd5vcvks4ncvbi3yd26c", "fields": {"session_data": ".eJzNlGFvokAQhv8LiXyhmN1FBJvwwaK92qvaWptre7mQhR10K7IE1iq93H-_VanXiv1-CSGz88zsO--S5bcW0JWcB6sC8oAz7VzD2tnHXEijBaRbwF5oOhPNSKQy52FzW9KsaNEcCgbJRVX7aYM5Leaqm7gWxI6NY5vElLVZh8UhYNSBdhgCbTvYBctyUWy1HBqFYQfcjtNyXacTWy5BlqM2XdOZpDwxsxxeOaxN7fynFhV5vOSMJbCmOUih9L1QRq-0N3vxH0m2hqF_uXFv33z_29XVwyPa3NnibqUmu3743n2a_vDbN9dT-ykWt4t4lD63Ws8dPYWN9HTJZQLeOIO0kMqYzqgEjyCCTYRNYulcnYPwbnO-hJwaoFaUUUMdgxEmYqaHgpVew7loEKLW0aJQQcPqNuyLfXIBZZUhBBVEptsV8dVbKvkD6itxAwojoUb2hVTzX2eZwaFzpeYuE2AHyiCT8z1G-wxPE57C_bZsoj4ufJjR7u1LlBiX5VdUnQmtssqU09s-CtQMRiXM6ZcGQVkTJURSKKey4VuNLjb4MktoKikTRiHCHIzDl_jP_H7uHNLsqECf0SSBvAz4kqpNzel42r0JLseT4b1HjuFgNJgODhgf4-FgFIwehhVGNdx9_IAxQrUKZO6CujAyI5pJLlJvlzjRx-rjIHM86fUnp0Cvf9Of9usEVwNYdfA-wIkWdiK5l64Zwe_SepGsZl51aczq0ugFiGB_s1VI82geMCiinL9LiyDhrxBQ9QOATcbzXaid4TbGLWQ7uNUktoMc4vz68xexbqrm:1l3IEk:82BQ99DbFuyGUSzER1bUGzCLysd9V7wtxkpNXHj1gtw", "expire_date": "2021-02-06T12:41:54.269Z"}}]